rank,formula,magnetic_score,score_band,validation_status
1,MnFeBr3,0.9996904667892968,0.95-1.00,composition proposal; structure and stability not evaluated
2,MnCoBr3,0.9996563136733229,0.95-1.00,composition proposal; structure and stability not evaluated
3,MnVBr3,0.9995922784998466,0.95-1.00,composition proposal; structure and stability not evaluated
4,MnNiBr3,0.9995401238641158,0.95-1.00,composition proposal; structure and stability not evaluated
5,MnCrBr3,0.9994992496661281,0.95-1.00,composition proposal; structure and stability not evaluated
6,MnMoBr3,0.9994964781394952,0.95-1.00,composition proposal; structure and stability not evaluated
7,Mn2Br3,0.9994944287174097,0.95-1.00,composition proposal; structure and stability not evaluated
8,Mn2FeBr4,0.9994932026048857,0.95-1.00,composition proposal; structure and stability not evaluated
9,MnCrBr4,0.9994662091444361,0.95-1.00,composition proposal; structure and stability not evaluated
10,MnCrCl3,0.9993849529344526,0.95-1.00,composition proposal; structure and stability not evaluated
11,Mn2VBr4,0.9993770355444506,0.95-1.00,composition proposal; structure and stability not evaluated
12,Mn2CrCl4,0.9993627061131432,0.95-1.00,composition proposal; structure and stability not evaluated
13,MnVCl3,0.9993189712708959,0.95-1.00,composition proposal; structure and stability not evaluated
14,MnCrCl4,0.9993167002463276,0.95-1.00,composition proposal; structure and stability not evaluated
15,Mn2VCl4,0.9993033878907335,0.95-1.00,composition proposal; structure and stability not evaluated
16,Mn2CrBr4,0.9992549368219114,0.95-1.00,composition proposal; structure and stability not evaluated
17,MnCoCl3,0.9992364638348546,0.95-1.00,composition proposal; structure and stability not evaluated
18,MnVCl4,0.9992304080832751,0.95-1.00,composition proposal; structure and stability not evaluated
19,Mn(MoBr2)2,0.9991325901637703,0.95-1.00,composition proposal; structure and stability not evaluated
20,Mn2CoBr4,0.9990835401769219,0.95-1.00,composition proposal; structure and stability not evaluated
21,Mn2NiBr4,0.9990586005212657,0.95-1.00,composition proposal; structure and stability not evaluated
22,MnFeCl3,0.9987879455890377,0.95-1.00,composition proposal; structure and stability not evaluated
23,Mn2FeCl4,0.9987656293619768,0.95-1.00,composition proposal; structure and stability not evaluated
24,Mn2CoCl4,0.9987371548966345,0.95-1.00,composition proposal; structure and stability not evaluated
25,V(CrCl2)2,0.9985051989110548,0.95-1.00,composition proposal; structure and stability not evaluated
26,MnBr2Cl,0.9984851792492575,0.95-1.00,composition proposal; structure and stability not evaluated
27,Mn2Cl3,0.9983709365767216,0.95-1.00,composition proposal; structure and stability not evaluated
28,Mn2CrI4,0.9982542845316139,0.95-1.00,composition proposal; structure and stability not evaluated
29,Cr2CoBr4,0.9982334964686769,0.95-1.00,composition proposal; structure and stability not evaluated
30,MnCrI4,0.9981974617049644,0.95-1.00,composition proposal; structure and stability not evaluated
31,MnCrI3,0.9980144055501468,0.95-1.00,composition proposal; structure and stability not evaluated
32,Mn2NiCl4,0.9979904698617861,0.95-1.00,composition proposal; structure and stability not evaluated
33,MnNiCl3,0.99793675635782,0.95-1.00,composition proposal; structure and stability not evaluated
34,Mn2VI4,0.9978919116619809,0.95-1.00,composition proposal; structure and stability not evaluated
35,MnVI4,0.9978031610509642,0.95-1.00,composition proposal; structure and stability not evaluated
36,Cr2Br3,0.9977375115100379,0.95-1.00,composition proposal; structure and stability not evaluated
37,CrBr2,0.997616312418565,0.95-1.00,composition proposal; structure and stability not evaluated
38,Mn2FeI4,0.9975576749344435,0.95-1.00,composition proposal; structure and stability not evaluated
39,Cr2CoCl4,0.9975352169256692,0.95-1.00,composition proposal; structure and stability not evaluated
40,Fe2CoBr4,0.9975333025529195,0.95-1.00,composition proposal; structure and stability not evaluated
41,Cr2Cl3,0.997484353071825,0.95-1.00,composition proposal; structure and stability not evaluated
42,MnVI3,0.9972100766849201,0.95-1.00,composition proposal; structure and stability not evaluated
43,Cr2FeBr4,0.9971756472438874,0.95-1.00,composition proposal; structure and stability not evaluated
44,CrCl2,0.9970499252162444,0.95-1.00,composition proposal; structure and stability not evaluated
45,FeCoBr3,0.9970274661219547,0.95-1.00,composition proposal; structure and stability not evaluated
46,CrCoBr4,0.9969964579123708,0.95-1.00,composition proposal; structure and stability not evaluated
47,CrCl,0.9969245923592746,0.95-1.00,composition proposal; structure and stability not evaluated
48,CrBr,0.996862050493715,0.95-1.00,composition proposal; structure and stability not evaluated
49,CrCoBr3,0.9968455460090674,0.95-1.00,composition proposal; structure and stability not evaluated
50,Cr2FeCl4,0.996814071840006,0.95-1.00,composition proposal; structure and stability not evaluated
