formula,probability,confidence
Mn2CrBr4,0.9992765165699993,Very High
Mn2CrCl4,0.9992293373626762,Very High
Mn2CrI4,0.9991423576493729,Very High
Mn2CrF4,0.999083839919833,Very High
Mn2FeO4,0.9990130118075068,Very High
Mn2CrO4,0.9989801421832577,Very High
Mn2FeCl4,0.9988439860318101,Very High
Mn2FeI4,0.9987690085185135,Very High
Mn2CoCl4,0.9987355884280952,Very High
Fe2CoCl4,0.9987055367796782,Very High
Mn2CrS4,0.9986256306403103,Very High
Mn2VCl4,0.9985747997576989,Very High
Mn2CrTe4,0.9985510727341652,Very High
Mn2FeBr4,0.9985489242927218,Very High
MnCrBr3,0.9985380779458124,Very High
Mn2VBr4,0.9985181072799567,Very High
Cr2CoCl4,0.9984825252821812,Very High
FeCoBr3,0.9984771537462659,Very High
Mn2FeS4,0.9984726543081495,Very High
Mn2NiBr4,0.9984372272871747,Very High
Mn2FeF4,0.9984225203041543,Very High
CrFeBr3,0.9983830284724552,Very High
MnFeBr3,0.998360864275039,Very High
Fe2CoBr4,0.9983281386133742,Very High
Mn2CoO4,0.9983205196604246,Very High
FeCoCl3,0.9983139845658628,Very High
Mn2CoBr4,0.9982376263807149,Very High
V(CrCl2)2,0.9982079433547079,Very High
Fe2CoF4,0.9981638497980709,Very High
Mn2CoI4,0.9981637416396945,Very High
Mn2VTe4,0.9981177228190004,Very High
Mn2CoF4,0.998097651101466,Very High
Fe2CoI4,0.9980804094471689,Very High
CrFeCl3,0.9980715352363493,Very High
Mn2FeTe4,0.9979984179891234,Very High
Cr2FeCl4,0.9979554830216085,Very High
Mn2NiCl4,0.9978938081083741,Very High
Mn2VI4,0.9978679381891324,Very High
CrCoBr3,0.9978160629904623,Very High
MnFeCl3,0.9976642264542344,Very High
MnCrCl3,0.9976635900332205,Very High
Mn2VS4,0.9975530783495196,Very High
Cr2FeO4,0.9974803875787761,Very High
Fe2CoO4,0.9974371857489946,Very High
Mn2CoS4,0.9974210684414436,Very High
MnFeO3,0.9973977605610433,Very High
MnCoBr3,0.9973914881353213,Very High
Mn2NiO4,0.9973376116174116,Very High
MnCoCl3,0.9973152920910925,Very High
Cr2FeBr4,0.9973145681089776,Very High
V(CrTe2)2,0.9973029434002609,Very High
MnNiBr3,0.9972761455489736,Very High
Mn2VO4,0.9972663876548183,Very High
Mn2NiF4,0.9972063160361807,Very High
MnNiCl3,0.9972061958228736,Very High
Mn2NiI4,0.9971469104828318,Very High
MnCrF3,0.9971392770737824,Very High
Mn2CrSe4,0.9970880822405578,Very High
Mn2VF4,0.997066563348671,Very High
Cr2NiBr4,0.9969505626093689,Very High
CrFeO3,0.9969200066141992,Very High
MnFeI3,0.9969044799981818,Very High
Cr2NiCl4,0.9968874426278833,Very High
MnVCl3,0.9968466340878017,Very High
CrCoCl3,0.9968097663998572,Very High
MnFeF3,0.9967946701670084,Very High
Fe2NiO4,0.9967516609384298,Very High
FeCoI3,0.9966597410916495,Very High
MnCoF3,0.9966453657471942,Very High
Cr2CoBr4,0.9966402154007279,Very High
MnCrO3,0.9965983686901311,Very High
MnVBr3,0.9965667010087446,Very High
MnFeSe3,0.9965520686486465,Very High
MnCrI3,0.9965433310608127,Very High
MnFeS3,0.9965413280951385,Very High
MnNiI3,0.9965223150640649,Very High
Fe2NiBr4,0.9965110547762812,Very High
FeCoF3,0.9964590542425737,Very High
Cr2CoO4,0.9964048220609939,Very High
MnVTe3,0.9963134253380539,Very High
V(CrBr2)2,0.9961971134250641,Very High
MnNiO3,0.996196035053891,Very High
Cr2FeI4,0.9961613340356604,Very High
Mn2VSe4,0.996000020148469,Very High
MnCoI3,0.9959971547673158,Very High
CrFeI3,0.9959019427219632,Very High
CrNiCl3,0.9958441454078519,Very High
Fe2NiI4,0.9955930036217092,Very High
MnMoBr3,0.9955489202192965,Very High
Cr2FeF4,0.9955315771666573,Very High
Cr2NiO4,0.9954195710376672,Very High
Fe2NiCl4,0.9953835677930486,Very High
Cr2CoF4,0.9953620910301105,Very High
V(CrSe2)2,0.9953424823184962,Very High
Mn2FeSe4,0.9953240231200464,Very High
CrFeF3,0.9952241272054005,Very High
V(CrS2)2,0.9952216395781099,Very High
V(CrI2)2,0.9951765735048473,Very High
MnNiF3,0.9951763317704797,Very High
Mn2NiS4,0.9951538772402345,Very High
MnCrBr4,0.9951028036726586,Very High
FeNiO3,0.9949207204311754,Very High
Mn2CoTe4,0.9949095053656226,Very High
MnCrSe3,0.9948397087738492,Very High
MnCrS3,0.9948075353852462,Very High
Cr2CoI4,0.9948031408258055,Very High
Cr2FeS4,0.9947368865964766,Very High
MnVSe3,0.9946453872464089,Very High
MnCrTe3,0.994564545400839,Very High
MnCoO3,0.9945594075597827,Very High
Mn2Br3,0.9945173407376351,Very High
FeNiBr3,0.994452225833259,Very High
VCrCl3,0.9944232729358986,Very High
VCr2O4,0.9942308026475917,Very High
MnFeTe3,0.9942138068083557,Very High
MnCoS3,0.9941799978825642,Very High
FeNiCl3,0.9940191051339999,Very High
VCr2F4,0.9939456468502182,Very High
VCrTe3,0.9939235231449216,Very High
MnNiSe3,0.9937055080111655,Very High
Mn2Cl3,0.9934442001787693,Very High
MnVI3,0.993413354275561,Very High
CrNiBr3,0.993327692639446,Very High
MnVF3,0.9932471239128838,Very High
MnVCl4,0.9931954747096136,Very High
Mn(MoBr2)2,0.9931583502917866,Very High
CrNiO3,0.9931128183666468,Very High
MnVS3,0.9930481313614046,Very High
Mn2CuBr4,0.9929777491385281,Very High
MnCrCl4,0.9927914436357076,Very High
V(NiCl2)2,0.9926443052892086,Very High
Mn(MoI2)2,0.9926433853826293,Very High
Cr2NiI4,0.9926303564811512,Very High
FeCoO3,0.9925316644777014,Very High
VCrBr3,0.9922904140746123,Very High
MnCoTe3,0.9922734489072548,Very High
FeNiI3,0.9920934584293444,Very High
CrFeS3,0.991717958122469,Very High
CrCoF3,0.991684481148083,Very High
V(FeCl2)2,0.9916631751557683,Very High
Mn2O3,0.9915910851935938,Very High
Cr2NiF4,0.9914112921377511,Very High
MnVO3,0.9913858302345193,Very High
CoNiBr3,0.9913174372626135,Very High
V(FeO2)2,0.9911330764657634,Very High
Mn2I3,0.9910675844757886,Very High
V(FeTe2)2,0.9910044808324872,Very High
MnBrCl2,0.9910013155877867,Very High
Fe2NiF4,0.9908829426599642,Very High
CrBrCl2,0.9908389582188882,Very High
Mn2F3,0.9907284129737386,Very High
VCrSe3,0.990504749636732,Very High
MnCoSe3,0.9901776237533699,Very High
V(FeBr2)2,0.990014541449729,Very High
MnCrI4,0.9899101755439248,Very High
V(FeI2)2,0.9897105067213631,Very High
CrFeSe3,0.9896700710570815,Very High
V(CoCl2)2,0.9895017314583078,Very High
Fe2CoTe4,0.9894010368474241,Very High
Mn(MoCl2)2,0.989281419192743,Very High
CrFeTe3,0.9887694866226875,Very High
MnBr2Cl,0.9886078241267046,Very High
MnCuBr3,0.9885953096059177,Very High
VFeSe3,0.988501403552563,Very High
Mn2CuCl4,0.9883049418189397,Very High
VFeBr3,0.9879646106559761,Very High
Mn2NiTe4,0.987956726748764,Very High
VFeTe3,0.9878044661903143,Very High
MnPdCl3,0.9874939281423524,Very High
Cr2Cl3,0.9871050783404107,Very High
MnPdBr3,0.987087811104404,Very High
Mn2CoSe4,0.9870020419184066,Very High
CrCoI3,0.9869368759077173,Very High
Ti(CrCl2)2,0.9869130333282349,Very High
Cr2Br3,0.986872039375186,Very High
V(NiBr2)2,0.9868590223342891,Very High
Ti(MnCl2)2,0.9868545778275762,Very High
MnMoCl3,0.9868349898121488,Very High
MnNiS3,0.9867386087508432,Very High
Fe2CoS4,0.9866040310369352,Very High
VCrF3,0.9864713333609639,Very High
VFe2F4,0.9864597134631929,Very High
Mn2S3,0.9863041146736389,Very High
MnNbBr3,0.9860525491693588,Very High
Cr2FeSe4,0.9859456403165565,Very High
FeCoTe3,0.9859196693870055,Very High
MnIBr2,0.9854960324800933,Very High
CrCoO3,0.9854725690090897,Very High
Mn2CuO4,0.9853096632260536,Very High
CoNiCl3,0.9853093722786161,Very High
CrNiS3,0.9852247700174607,Very High
Ti(MnBr2)2,0.9851988925438465,Very High
Mn2CuI4,0.9851883289579998,Very High
V(FeSe2)2,0.9850720174564983,Very High
CrBr2Cl,0.9850469285049797,Very High
VFeCl3,0.9849398820096775,Very High
VFeI3,0.984927790857335,Very High
MnCuO3,0.9847162212907663,Very High
Co2NiBr4,0.9844277197534402,Very High
VCrI3,0.9844140616550096,Very High
FeCoSe3,0.9842633506034927,Very High
VNiCl3,0.984188315380355,Very High
MnVI4,0.9839211101742545,Very High
Fe2CoSe4,0.9834236141733257,Very High
V(FeS2)2,0.9832651979286058,Very High
CrNiI3,0.9825859047318173,Very High
Cr2F3,0.9824920220892721,Very High
MnWBr3,0.9820333054221504,Very High
MnMoI3,0.9818743407317828,Very High
MnPdI3,0.9818590442819339,Very High
MnNiTe3,0.9817213228516442,Very High
TaMnBr3,0.9814908720999601,Very High
Mn2CuF4,0.9814426700751822,Very High
MnCrF4,0.9812722119408143,Very High
FeNiSe3,0.9812084182084752,Very High
CrNiSe3,0.9806790157206272,Very High
VCrS3,0.9802887604034177,Very High
Co2NiO4,0.9802597506862041,Very High
MnI2Cl,0.9800191618631213,Very High
Mn(WBr2)2,0.979657913832804,Very High
Ti(CrI2)2,0.9796412082884013,Very High
Cr2CuCl4,0.979007149624472,Very High
CrNiBr4,0.9788348964025393,Very High
MnPdF3,0.9787973312066078,Very High
Ti(CrBr2)2,0.9787842137714927,Very High
MnI2Br,0.978689815651288,Very High
Mn2NiSe4,0.9784828661027898,Very High
MnWF3,0.9783931711477704,Very High
FeCoS3,0.9783888578592151,Very High
MnBr2F,0.9783773897667625,Very High
VFeO3,0.9783570475321415,Very High
V(CoO2)2,0.9783474728749978,Very High
Ti(MnI2)2,0.9779307161343823,Very High
VCo2F4,0.9770920175544576,Very High
MnICl2,0.976976351816572,Very High
Mn(RuBr2)2,0.9769376945800573,Very High
MnPtBr3,0.9767740340937993,Very High
FeNiS3,0.9766323204403012,Very High
VNiBr3,0.9765223654487292,Very High
CrCoBr4,0.976172227050635,Very High
VCrO3,0.9761315578243228,Very High
TiCr2F4,0.9758549656771832,Very High
MnMoF3,0.9757620711943877,Very High
Mn(RuCl2)2,0.9757563964639777,Very High
Fe2NiS4,0.9756412717528823,Very High
MnSeBr2,0.9755014895033581,Very High
Ti(FeO2)2,0.9752796635919675,Very High
V(NiO2)2,0.9752772126672677,Very High
V(NiI2)2,0.9751046369591128,Very High
MnSBr2,0.9747727159982574,Very High
VBrCl2,0.9747602673707483,Very High
VFeS3,0.9746772291669158,Very High
CrBrF2,0.9746073101973096,Very High
V(CoI2)2,0.9745526775672579,Very High
TiCr2O4,0.974519635332346,Very High
CrI2Br,0.9742587278985319,Very High
MnCl2O,0.9740614561591772,Very High
VFeF3,0.9738991628841348,Very High
Mn(PtBr2)2,0.9736987772764898,Very High
MnCuF3,0.9736733548258192,Very High
CrCl2F,0.9734380738206403,Very High
V(CoBr2)2,0.9733893879348805,Very High
MnCl2F,0.9732593407195733,Very High
MnBrO2,0.9731575288551296,Very High
VCoCl3,0.9731405870196882,Very High
CrIBr2,0.9730591210170451,Very High
MnMo2F4,0.9730540657783333,Very High
Co2NiCl4,0.9730168477026034,Very High
VNiSe3,0.9727539039027499,Very High
Fe2F3,0.9727484825292431,Very High
TaMnCl3,0.972468118510023,Very High
MnNbCl3,0.9724623507741854,Very High
Cr2CuBr4,0.9722904858587663,Very High
CrClF2,0.9718309943040554,Very High
TiMn2F4,0.9716615829626352,Very High
MnBrF2,0.9715982640445013,Very High
MnMoO3,0.971314000689486,Very High
MnO3,0.9710896075349278,Very High
Ti(FeI2)2,0.9710869691955107,Very High
TaMnF3,0.9710592951873012,Very High
CrBr2F,0.971010746808923,Very High
CrNiF3,0.9709109729803792,Very High
MnRuCl3,0.970823133418308,Very High
CrCoSe3,0.9707230496967315,Very High
CrMoBr3,0.9706235030533884,Very High
MnClO2,0.9705618698987732,Very High
CoNiI3,0.9704950330339355,Very High
FeNiF3,0.9704887889400834,Very High
CrI2Cl,0.9702192796657283,Very High
TaMnO3,0.9698848366666545,Very High
CrICl2,0.9698205526130482,Very High
MnVF4,0.9695231674981051,Very High
MnClF2,0.9694042777169676,Very High
MnPdO3,0.9692955336345044,Very High
TiCrBr3,0.9692360055561066,Very High
TiMnCl3,0.9691637156431286,Very High
Cr2CuO4,0.9687958079398679,Very High
FeMoBr3,0.9686694344212997,Very High
TiMn2O4,0.9684894045101937,Very High
V(CoTe2)2,0.967989067707664,Very High
CoNiO3,0.9679750913375684,Very High
Fe2O3,0.9678536291506409,Very High
Cr2I3,0.9678123447720441,Very High
Ti(FeBr2)2,0.9677721023157836,Very High
TiFe2F4,0.9677386199722774,Very High
MnPtCl3,0.9676303048166013,Very High
Ti(FeCl2)2,0.967583837588492,Very High
CrFeBr4,0.9672930390441346,Very High
CrCoS3,0.9670858568568423,Very High
TaFeF3,0.9670578389948639,Very High
Mn2CuS4,0.9666078291168161,Very High
TiCrCl3,0.9665117267649777,Very High
CrCoCl4,0.9664720431285305,Very High
Fe2CuCl4,0.9661254170249161,Very High
Fe2I3,0.9659907849196747,Very High
Fe2NiSe4,0.9651013161114177,Very High
Fe2Br3,0.9650271647922087,Very High
Mn(PtCl2)2,0.9649003951851679,Very High
Cr2O3,0.964022353754565,Very High
CrCoTe3,0.963983973375649,Very High
NbCrBr3,0.9637838055711526,Very High
CrRuCl3,0.9636259575500985,Very High
Ti(CrS2)2,0.9634229522307889,Very High
Co2NiF4,0.9633868390068441,Very High
CoNiF3,0.9632588170857916,Very High
TaMnI3,0.9632324430641128,Very High
TiMnBr3,0.9630613718035,Very High
TaFeS3,0.9630349677718322,Very High
Cr2CuF4,0.9625714323566265,Very High
HfMnBr3,0.9625515211344788,Very High
VCoTe3,0.9621486933487169,Very High
Fe2S3,0.9618392914860977,Very High
MnPdS3,0.9615286195912447,Very High
Fe2CuF4,0.9613816639301009,Very High
Mn(MoO2)2,0.9612775947569695,Very High
Fe2Cl3,0.9612412644265436,Very High
TaFeI3,0.9612025446645484,Very High
MnNbO3,0.9611914168484132,Very High
TaFeO3,0.9606801520614162,Very High
MnRuBr3,0.9604027148220605,Very High
FeBrCl2,0.9592831381637347,Very High
TaFeCl3,0.9591403347974565,Very High
VCoBr3,0.9590226191497477,Very High
CrClO2,0.9583562979067377,Very High
NbFeO3,0.957903015230026,Very High
CrBrO2,0.9574198007573287,Very High
MnI2F,0.9573840582878766,Very High
VNi2F4,0.9571479227896227,Very High
Fe(MoI2)2,0.9567254816586375,Very High
CrNiCl4,0.9564264804740268,Very High
Fe(RuO2)2,0.9562156940492125,Very High
Fe2CuI4,0.9561073610021901,Very High
MnNbF3,0.9559073325155567,Very High
Ti(CrSe2)2,0.9557129171508761,Very High
Fe2CuBr4,0.9555732643661091,Very High
Fe2Se3,0.9554886142449909,Very High
Ti(CrTe2)2,0.9551552216003302,Very High
NbFeBr3,0.9551019859348189,Very High
MnPdSe3,0.954899438060059,Very High
CrRuO3,0.9548668222555279,Very High
V(NiTe2)2,0.9536150968183934,Very High
FeWF3,0.9533366983350101,Very High
Nb2CrF4,0.9532711238662488,Very High
V(CoSe2)2,0.9531624814851961,Very High
MnWCl3,0.9529633564930118,Very High
Mn(WF2)2,0.9527328494958415,Very High
CrFeCl4,0.951852606062429,Very High
MnSeCl2,0.9518367200676532,Very High
FeRuO3,0.9517910753653303,Very High
Co(MoI2)2,0.9516175193393828,Very High
Co2NiI4,0.9512829597264737,Very High
TiCrF3,0.9510119251734777,Very High
CoMoBr3,0.9509403615272668,Very High
CrCuO3,0.9505983586968921,Very High
MnIF2,0.9505425968174347,Very High
MnIO2,0.95053495683169,Very High
VNiO3,0.9500025510723756,Very High
MnS2Cl,0.9498028357498278,High
MnTe3Pd,0.9491927693906931,High
MnRuO3,0.9487643124415577,High
MnO2F,0.9484394205417038,High
Mn(WCl2)2,0.9483419186097867,High
HfMnCl3,0.9472719585051929,High
Ni(MoBr2)2,0.9465297894404613,High
MnSe2Cl,0.9462897753831131,High
TiCrI3,0.9462602813161628,High
VNiF3,0.9460626233746848,High
TaFeBr3,0.9458571880869097,High
MnWO3,0.9452110269101229,High
VICl2,0.9451281554835114,High
VCoSe3,0.9451081436753932,High
VNiI3,0.9450218569960915,High
VCoI3,0.9449997539621944,High
NbFeF3,0.944796478173761,High
TiCrSe3,0.9446309260490163,High
MnSe2Br,0.9443404167969185,High
Co(MoCl2)2,0.9441053467977446,High
Mn2CuTe4,0.9440391036964495,High
Cr2CuI4,0.943884569495807,High
MnTeCl2,0.9437586917125165,High
Nb2FeO4,0.9435844423791968,High
CrS2Br,0.9435232108749109,High
MnRu2F4,0.94331118276538,High
MnPtI3,0.9431299654961639,High
VMoBr3,0.9430937682610362,High
CrCuBr3,0.943037376845533,High
NbFeS3,0.9427193597215636,High
MnMoS3,0.9425851860842821,High
Mn(PtI2)2,0.9425623190724133,High
MnRuI3,0.9423890963230348,High
Nb2CrO4,0.9421488294392674,High
MnSeI2,0.942107098948626,High
MnPtO3,0.9420916467315346,High
MnTe3Mo,0.9420371627651769,High
CoBrCl2,0.9418758285791583,High
MnWI3,0.9409963628183792,High
Cr(RuCl2)2,0.9406356612133908,High
Ti(MnTe2)2,0.940002437246152,High
Cr2Te3,0.9398148541446553,High
Nb2CrI4,0.9395107925941745,High
VCoF3,0.9393749035742726,High
VRuCl3,0.9393242376128638,High
CrFeI4,0.9392841064418649,High
Fe2NiTe4,0.9386939974830837,High
Mn(PtO2)2,0.9383509493054595,High
CoCuO3,0.9381756756511741,High
MnRuF3,0.937686409171812,High
Mn(WI2)2,0.9373296219398878,High
VCrCl4,0.9372781313078782,High
TiCrO3,0.9371214810242317,High
CrS2Cl,0.9369845968365911,High
CrIF2,0.9366993956222182,High
FePdO3,0.9365778284300934,High
FeBr2Cl,0.9362427611708587,High
MnCuSe3,0.9360642191095019,High
CrI2F,0.9358611637225527,High
V(NiS2)2,0.9358456625309728,High
MnSI2,0.9357001798267939,High
VI2Br,0.935524439815927,High
VNiTe3,0.9351913565621027,High
Cr2CuS4,0.9351045516337881,High
VIBr2,0.9350878248525332,High
CrRu2F4,0.9349137840720384,High
Zr2MnCl4,0.9348298814269541,High
TaCoF3,0.9346683189046925,High
Cr(RuO2)2,0.9345302826764048,High
MnWSe3,0.9343313543439823,High
MnTe2Br,0.9343038207929241,High
VBr2Cl,0.934243499972273,High
MnS2Br,0.9338671475671116,High
NbFeCl3,0.9333501498540833,High
V(CoS2)2,0.9332541696000576,High
MnMoSe3,0.9328820923819696,High
Ti(CoCl2)2,0.9327571147716868,High
MnCuS3,0.9320751381667608,High
FeWBr3,0.9319624762818376,High
TiMnI3,0.9318829708505098,High
VI2Cl,0.9310767212269476,High
CrNiTe3,0.9305107759853338,High
MnTe2Cl,0.9304632132917181,High
VMoCl3,0.9296191487889093,High
FePdF3,0.9295976155480499,High
Co(RuO2)2,0.9294757745302805,High
Fe(MoCl2)2,0.9293225940125853,High
NbCoBr3,0.9291129060936875,High
MnPtF3,0.9290795199170658,High
Cr2CuTe4,0.9289983938490312,High
CrRuF3,0.928820415806464,High
Mn(WO2)2,0.9286935229841604,High
TiMnF3,0.9281437681330622,High
Cr(PtCl2)2,0.9278435870925223,High
Mn(RuI2)2,0.9271993456085561,High
FeMoCl3,0.9270812838810265,High
CrPd2F4,0.9270120756129939,High
FeIBr2,0.9269211624702591,High
Nb2CrBr4,0.9267999121801586,High
FePdCl3,0.9264538203081462,High
CrPt2F4,0.9263647229016405,High
NbFeI3,0.9261578479527095,High
Mn(RuO2)2,0.9258940019177949,High
CoCuBr3,0.9251898466917217,High
Cr(MoBr2)2,0.9251250176615039,High
CrPtCl3,0.9247648233778775,High
Mn(NbCl2)2,0.9246764521075624,High
Ti(CoO2)2,0.9243192221789114,High
Mn(NbBr2)2,0.9237742778770679,High
VTe3Mo,0.9237729791991003,High
V(RuCl2)2,0.923758467559621,High
Mn2CuSe4,0.9236777286592218,High
VCrBr4,0.9236307113793858,High
CoCuCl3,0.9235006794278653,High
VWSe3,0.922762794867355,High
CrCuF3,0.9227451013197918,High
Cr2CuSe4,0.9220434433072561,High
NbCrF3,0.9217018304846305,High
FeMoI3,0.9215605531417268,High
TaCrCl3,0.9213531561074844,High
CoWF3,0.9213495949773496,High
FeWO3,0.9211950354350159,High
Nb2VTe4,0.9206682914236005,High
FeWSe3,0.9192090064681593,High
FeMoF3,0.919185842614049,High
V(RuO2)2,0.9188766603912492,High
MnPtSe3,0.9184338442718779,High
MnTeI2,0.9183507365228123,High
CrTeCl2,0.9174967358489069,High
TaCoBr3,0.9173908823745804,High
CrRuBr3,0.9163995231414273,High
MnSO2,0.9161180169433714,High
Nb2CrCl4,0.9160933242414933,High
NbCrCl3,0.9160044685436488,High
Zr2CrF4,0.9157614531690732,High
Fe2Te3,0.9156162617710296,High
VNiS3,0.9152594109467639,High
Mn(PdBr2)2,0.9150401798477494,High
FeI2Cl,0.9149753654639784,High
CoRuCl3,0.914790795604454,High
Hf2MnBr4,0.914696971566234,High
CoMoCl3,0.9144026220720031,High
TaCoCl3,0.9140648448318532,High
CrSeCl2,0.9138242840942032,High
V(NiSe2)2,0.9137425575024517,High
CrTeBr2,0.9132257697049483,High
HfMnI3,0.9132049995198752,High
Fe(MoO2)2,0.9131645307550545,High
MnNb2O4,0.9128879087883875,High
V(PdCl2)2,0.9120850662277133,High
Ni(MoI2)2,0.9118604171330583,High
VWF3,0.9113825021621839,High
FeI2Br,0.9113728426331238,High
Ti(FeSe2)2,0.911347818237128,High
Ti(FeS2)2,0.9109650834840001,High
Ta2MnBr4,0.9099814516895404,High
CrIO2,0.9093601479341654,High
Cr(PdCl2)2,0.9090859793925345,High
MnSF2,0.9090387357438467,High
Nb2FeF4,0.9087879006596582,High
TiCrS3,0.9084893792259434,High
Ti(MnS2)2,0.9084023876646656,High
Hf2CrO4,0.9082235507172939,High
FeICl2,0.9081868687726279,High
NiMoBr3,0.9078434959576797,High
FeMoS3,0.9077531828466466,High
Fe(MoBr2)2,0.9075858216509748,High
Ti(CoI2)2,0.9069694957246844,High
FePtCl3,0.9068787210792965,High
NbCoF3,0.9063990763356422,High
CrCuCl3,0.9057889731036765,High
Mn(PdCl2)2,0.9049657040421302,High
VCrI4,0.9049451192924239,High
VCl2F,0.9047934766505218,High
CrPdCl3,0.9044777230435365,High
Co2CuCl4,0.9042619717965023,High
MnCuTe3,0.904176023611877,High
Fe(WO2)2,0.904052640133583,High
NbCoCl3,0.9039432335627003,High
VMoSe3,0.9033832249876448,High
MnS2I,0.9028191377879726,High
MnPt2F4,0.902550589718665,High
FeMoO3,0.9024925029630101,High
CrCoI4,0.9022657596644914,High
FeBrF2,0.9022120708526805,High
MnWS3,0.9021812434894598,High
Ti(FeTe2)2,0.9018848689298695,High
NbCrO3,0.901724760700482,High
CrMoCl3,0.9009919590379174,High
FeSCl2,0.9006727874744248,High
FePtBr3,0.9004758644751697,High
FeCuO3,0.9003438094793986,High
HfMnO3,0.9001612099025671,High
CoNiSe3,0.9000801765209454,High
Co(MoO2)2,0.9000022729183541,High
CoMoI3,0.8998897295557448,Medium
MnS2O,0.8998789685343668,Medium
CrNiI4,0.8997563608507703,Medium
FeBr2F,0.8995635925062642,Medium
Hf2CrI4,0.8991189496114361,Medium
CrPdF3,0.8989554670107048,Medium
TaVTe3,0.8987819679479979,Medium
TiCo2F4,0.898296332723789,Medium
TiMnO3,0.8982897332437544,Medium
FeCl2F,0.8980311485904322,Medium
Co(MoBr2)2,0.8977548341350399,Medium
Mn(Te2Mo)2,0.8974651648574564,Medium
TiFeBr3,0.896960218449107,Medium
FeMo2F4,0.8969473056135369,Medium
Zr2CrI4,0.8963929868023557,Medium
Mn(MoS2)2,0.8962831754543198,Medium
MnTeF2,0.8961657751742813,Medium
Cr(PtBr2)2,0.8957183156759522,Medium
VPdCl3,0.8950430322552014,Medium
CrTe2Br,0.8947655367846505,Medium
TaCrBr3,0.8947357878870582,Medium
FePd2F4,0.8946689192707973,Medium
TaVCl3,0.8939230718913868,Medium
TiCrTe3,0.8938294909148181,Medium
Cr(PtI2)2,0.8935995442032729,Medium
Nb2CoO4,0.8935106548230201,Medium
MnNb2F4,0.8933316050793931,Medium
CrTe2Cl,0.8931547692296374,Medium
TaCrF3,0.8928946165891957,Medium
CoRuO3,0.8926106440246874,Medium
MnTeO2,0.8924881792815561,Medium
TaVF3,0.8924204422060745,Medium
FePdBr3,0.8921439671279077,Medium
CoMoF3,0.8919275121209337,Medium
CoBr2Cl,0.8918473230226251,Medium
TiFeSe3,0.8918465968477016,Medium
MnTe3W,0.891270964967703,Medium
TiCoCl3,0.8911723077168648,Medium
MnSe2O,0.8909765022505444,Medium
Zr2CrCl4,0.8908320803318881,Medium
FePtO3,0.8902331396253876,Medium
VTe3W,0.890194952856021,Medium
VMoF3,0.8900967798028273,Medium
FeClF2,0.8900283259822067,Medium
FePdS3,0.8897873033113426,Medium
VRuO3,0.8896569219231819,Medium
CoMo2F4,0.8895194954721795,Medium
Co(RuCl2)2,0.889483533112014,Medium
MnS3,0.8893625980914898,Medium
Fe(WF2)2,0.8887164547298344,Medium
MnSeF2,0.8883202350011864,Medium
Cr(MoI2)2,0.8882267376685478,Medium
TaVSe3,0.8879929683222467,Medium
Ti(VCl2)2,0.8875293192723056,Medium
TaCoI3,0.8873419464538056,Medium
CrMoF3,0.8864411262418848,Medium
CrSe2Br,0.8863609207873644,Medium
Co(WF2)2,0.886334394679653,Medium
Nb2FeI4,0.8855228371975727,Medium
ZrCrF3,0.8849900788919478,Medium
VCoS3,0.884827078317178,Medium
NiBrCl2,0.8848093420452969,Medium
Cr(PtO2)2,0.884548625689428,Medium
VMoI3,0.8844777651041993,Medium
FeSBr2,0.8839389909909994,Medium
NiRuO3,0.8837389900567957,Medium
FeRu2F4,0.8836693115262986,Medium
Nb2VI4,0.883407503524812,Medium
VClF2,0.8832791640025754,Medium
Mn(PdI2)2,0.8826212567169381,Medium
Ta2FeO4,0.8825725241473403,Medium
MnSeO2,0.882399403454545,Medium
FeWS3,0.8822460079788144,Medium
Nb2CrTe4,0.8821483076013064,Medium
Ti(VTe2)2,0.8818673731838068,Medium
TiFeO3,0.8816192698604672,Medium
NbVTe3,0.8812572883822766,Medium
MnTe3Pt,0.8809656095528638,Medium
CoRuF3,0.8808888558778013,Medium
V2CuCl4,0.8808531553775257,Medium
Hf2VTe4,0.8807120273328981,Medium
Ti(VI2)2,0.8804248384207497,Medium
Ti(CoBr2)2,0.8800273334637848,Medium
MnTe2I,0.8799125292356624,Medium
FePdI3,0.8798801867923801,Medium
FePtF3,0.8796070825010037,Medium
CrWF3,0.8791797671158685,Medium
Cr(RuBr2)2,0.878759373163389,Medium
FeWI3,0.8785844606671929,Medium
VBrF2,0.8784928498497793,Medium
Fe2CuSe4,0.8784834784032958,Medium
CoCuF3,0.8783568040001736,Medium
Nb2FeS4,0.8782553649021234,Medium
Nb2VF4,0.877173622226756,Medium
Mn(NbI2)2,0.8765788954425725,Medium
Nb2CoF4,0.87624490127581,Medium
MnTe2O,0.875399902516778,Medium
TiCoI3,0.8752991776431608,Medium
Hf2CrF4,0.8751671730764767,Medium
FeRuCl3,0.8751606831784956,Medium
FeClO2,0.8750683516986975,Medium
TiFeI3,0.8744375266383594,Medium
ZrMnBr3,0.8741795020600764,Medium
Nb2CrS4,0.8741483275865884,Medium
VRuF3,0.8740233894764645,Medium
Ni(WF2)2,0.8735291620725336,Medium
VNiI4,0.8735098690320039,Medium
Zr2CrO4,0.8727517985314792,Medium
FeMoSe3,0.872583773047837,Medium
Fe(PtO2)2,0.8721002903110225,Medium
Nb2VO4,0.8719484589257026,Medium
Nb2VCl4,0.8712580251389985,Medium
VIF2,0.8712088436308912,Medium
CrSe2Cl,0.8711925702801686,Medium
HfCrO3,0.8707119204106041,Medium
FeWCl3,0.8706810043904442,Medium
FeRuF3,0.8706138791199949,Medium
Hf2MnCl4,0.8702718821350975,Medium
VCoO3,0.8702493745543892,Medium
Mn(WS2)2,0.8697802993851617,Medium
Fe(PdCl2)2,0.869407620767011,Medium
HfMnSe3,0.8691302330679735,Medium
TiCoF3,0.8677669525247028,Medium
TiMnTe3,0.8676595620218203,Medium
VPdF3,0.8676362575182259,Medium
FeI2F,0.8676295477507069,Medium
TiVTe3,0.8670585905584391,Medium
FeBrO2,0.8668120884796968,Medium
CrPtF3,0.8663420293317261,Medium
Hf2VO4,0.8663177935569314,Medium
CrCuTe3,0.8658493769636664,Medium
NiBr2Cl,0.8655809142031372,Medium
TiCoBr3,0.8655316269134113,Medium
Co(PtCl2)2,0.8649300405529569,Medium
TiFeS3,0.8647548769332918,Medium
HfCrBr3,0.8643182157784114,Medium
Co(WO2)2,0.8642730392196645,Medium
ZrCrBr3,0.8642639503442444,Medium
TiFeF3,0.8642605637249565,Medium
CoRuBr3,0.8641836807010209,Medium
Nb2VSe4,0.8636685412709523,Medium
TiVSe3,0.8634895285325144,Medium
VI2F,0.8634657336662935,Medium
Zr2CrBr4,0.8633692338681453,Medium
CoWBr3,0.8633091770158627,Medium
TaCoO3,0.8626269108802831,Medium
MnCuF4,0.8624065873962167,Medium
Ni(MoCl2)2,0.8622040759046687,Medium
CrSO2,0.8621338588128307,Medium
CrS2O,0.8619052529335577,Medium
FeI2O,0.8610539987767801,Medium
FePtI3,0.8610475421126619,Medium
Fe(RuCl2)2,0.8606529202835145,Medium
Hf2VCl4,0.8600675971123043,Medium
CoIBr2,0.8592919817506055,Medium
TiFeCl3,0.8592387687480928,Medium
FePtS3,0.8584237225267557,Medium
VClO2,0.8580832754742781,Medium
Fe2CuTe4,0.8580644161081995,Medium
FeOF2,0.8579302803806227,Medium
NbCoO3,0.8576917970530562,Medium
CrPtBr3,0.8574510248958599,Medium
NiMo2F4,0.8569508234919789,Medium
TaVI3,0.8564692405279782,Medium
HfMnF3,0.8563632898367813,Medium
Cr(MoCl2)2,0.8563576019018707,Medium
CoPtCl3,0.8563404661116264,Medium
Co(PdCl2)2,0.8557398236090106,Medium
FeIF2,0.855028761524142,Medium
Cr(PdI2)2,0.8548973108922304,Medium
Hf2VI4,0.8544046946986303,Medium
Ti(VBr2)2,0.8541142809084876,Medium
CrS2I,0.8540824647827171,Medium
MnTeSe2,0.8539456898945231,Medium
Nb2FeBr4,0.8535673557083636,Medium
MnPtS3,0.8535158669863795,Medium
NbCrI3,0.8533630470601019,Medium
Fe(MoS2)2,0.8527322488971582,Medium
CrTeF2,0.8523508596267613,Medium
Fe(PdO2)2,0.8517775287083599,Medium
VRu2F4,0.85134276569926,Medium
MnPd2F4,0.8508919004826456,Medium
CrPdBr3,0.8508909145870609,Medium
CoRu2F4,0.8507914235911107,Medium
VPd2F4,0.8501066804550269,Medium
VBr2F,0.8495795986576015,Medium
Nb2FeCl4,0.8492172713293523,Medium
NiPd2F4,0.8490738780982442,Medium
CoCuI3,0.8487474292407682,Medium
NbCoI3,0.8486965600363933,Medium
Cr(RuI2)2,0.8485667875110212,Medium
V2Br3,0.8485015080752993,Medium
TiCoSe3,0.8484374258026572,Medium
VBrO2,0.8474184947067098,Medium
Mn(PtS2)2,0.8472418778407583,Medium
Nb2VS4,0.8462508088357995,Medium
CrSeF2,0.8461401959680966,Medium
CoPd2F4,0.8452157835763048,Medium
Ta2FeF4,0.8442496879802729,Medium
NbVCl3,0.8418340598768518,Medium
Co2CuBr4,0.8418202645070247,Medium
Nb2FeTe4,0.8418147009222249,Medium
NbCrS3,0.8415432763024667,Medium
FeS2Br,0.8410487112775858,Medium
Co2NiS4,0.840688230244621,Medium
Hf2CrBr4,0.8403023061401106,Medium
HfCrCl3,0.8398962292570823,Medium
VWBr3,0.839853571789524,Medium
FeTeBr2,0.838375110347467,Medium
Ta2CoO4,0.8382702613339994,Medium
VWCl3,0.8374001525229623,Medium
FeIO2,0.8369672680118583,Medium
VTeCl2,0.8369250730637081,Medium
Nb2CrSe4,0.8367183894410802,Medium
TaVBr3,0.8366161639983536,Medium
Cr(RuS2)2,0.8365563313011286,Medium
MnNbI3,0.8364436460653276,Medium
Mn(RuS2)2,0.8360835337696554,Medium
Zr2MnBr4,0.8350381607954706,Medium
CuNiO3,0.8347638647586859,Medium
Co(MoS2)2,0.8346044319344518,Medium
Nb2CoCl4,0.834126860411908,Medium
ZrMnCl3,0.8339530405409267,Medium
VCoBr4,0.8330091991882458,Medium
ZrCrCl3,0.8326559199045548,Medium
FeRuBr3,0.8324453009725719,Medium
Fe(PtCl2)2,0.8320045168394986,Medium
CrCoF4,0.8319679859516446,Medium
FeSeBr2,0.8318092842033361,Medium
V(PtCl2)2,0.8315417408837262,Medium
CrFeF4,0.8314378261467427,Medium
Nb2CoI4,0.8306740248643792,Medium
NbVBr3,0.8305480354139523,Medium
Ti(VSe2)2,0.8303154481859415,Medium
Ta2MnCl4,0.8301471207058723,Medium
FePtSe3,0.8294105230896328,Medium
CoBrF2,0.8285309758845414,Medium
NbVSe3,0.8280885905379572,Medium
CrTeI2,0.8280195690286845,Medium
Co2Br3,0.8274233055741538,Medium
FeCoF4,0.8272682454619023,Medium
Hf2MnI4,0.8272108571192607,Medium
TiMnSe3,0.8271835712829592,Medium
TaCrO3,0.8264391575142709,Medium
VSeCl2,0.8263341280949377,Medium
Ni(MoO2)2,0.8256873404584829,Medium
TiV2F4,0.8251698612968124,Medium
NiRuCl3,0.824733570578109,Medium
ZrCrO3,0.8244709946529896,Medium
Co2Cl3,0.823751685064914,Medium
MnTeS2,0.8225247347862532,Medium
Ni(WBr2)2,0.8225246748122611,Medium
HfFeO3,0.8223393277675612,Medium
Hf2CrCl4,0.8222833979127833,Medium
V(PdI2)2,0.821713719343465,Medium
Ti(NiBr2)2,0.8211868830918915,Medium
Mn(Te2W)2,0.8202652377930187,Medium
Ni(RuO2)2,0.8201270976662842,Medium
NbVF3,0.8199529008782831,Medium
FeSe2I,0.8198562929040789,Medium
Ni2Br3,0.8195555587913472,Medium
Fe(RuS2)2,0.8193254389420994,Medium
CrRuI3,0.818896054576917,Medium
Ni2Cl3,0.8188309409383258,Medium
V2CuTe4,0.8187722784883191,Medium
VPtCl3,0.8185303123958854,Medium
TiVF3,0.8179348987732291,Medium
VIO2,0.8167358338832492,Medium
FeRuS3,0.8165444876006227,Medium
FeSe2Br,0.8164596257986434,Medium
CoPtBr3,0.8163974456570867,Medium
VSeBr2,0.8162277146995195,Medium
CrMo2F4,0.8157064711391864,Medium
VS2Cl,0.8147602019972394,Medium
Zr2VCl4,0.8146652220427438,Medium
VPdI3,0.8146385891273757,Medium
Hf2CrTe4,0.8144686864714886,Medium
VTeI2,0.8140052592112987,Medium
FeTeCl2,0.8134573473071413,Medium
FePt2F4,0.8131621402791196,Medium
MnTe2Se,0.8128365477792403,Medium
V2I3,0.8126856704892353,Medium
Fe(WI2)2,0.8126440832020363,Medium
Nb2VBr4,0.8116972429388888,Medium
MnTe2S,0.8106230813183766,Medium
Zr2CoCl4,0.8105764098888633,Medium
Hf2VS4,0.810559732106155,Medium
CoNiTe3,0.8105213691308726,Medium
FeTe2Br,0.8101391167946053,Medium
CrTe2F,0.8101099568344488,Medium
TaVS3,0.8092071462823193,Medium
CoMoS3,0.8089081907436074,Medium
TiVI3,0.8085616044196464,Medium
VTe3Pd,0.8084940181400062,Medium
Co2CuF4,0.8079572904124864,Medium
HfVCl3,0.8077097751167694,Medium
FeS2I,0.8075844958564776,Medium
CoNiS3,0.8071748093834492,Medium
VSeI2,0.8068714089656445,Medium
CrWCl3,0.8067687200521111,Medium
HfCrF3,0.8063618808310791,Medium
Cr(PtS2)2,0.8061020107671214,Medium
Ni(PdCl2)2,0.8060390793593979,Medium
Ta2FeI4,0.8058534373724675,Medium
CrRuS3,0.8056794561006273,Medium
CrMoI3,0.805537973375181,Medium
VMoS3,0.8050203340118807,Medium
HfMnTe3,0.805000043754797,Medium
Ta2MnO4,0.8045656472921988,Medium
MnSe2S,0.804379314324302,Medium
CrNiF4,0.8042537018613257,Medium
TiMnS3,0.8042390577258085,Medium
CrTeO2,0.8038031010322216,Medium
CoPt2F4,0.8036713798427388,Medium
CoICl2,0.80317055887141,Medium
TaVO3,0.80314182324587,Medium
CoPdCl3,0.8029629987027403,Medium
Ni(WO2)2,0.802900852823612,Medium
TiV2O4,0.8027959431616518,Medium
CoPtF3,0.8024885775868497,Medium
VWI3,0.8023771226053455,Medium
CoBr2F,0.8020121144099389,Medium
Ta2MnI4,0.8010849578777357,Medium
Ti(NiCl2)2,0.8004159860695805,Medium
V2CuBr4,0.7999866169816398,Low
CrPdO3,0.7999394558833253,Low
FeTe3Mo,0.7991538231373361,Low
FePdSe3,0.7989854124772402,Low
FeTe2Cl,0.7979478706590586,Low
MnTe3Ru,0.7975310824059327,Low
NbVI3,0.7969035527998951,Low
VTe2Br,0.7961534803907616,Low
Fe(WBr2)2,0.7960045351370787,Low
Ta2VO4,0.795607901800376,Low
CrSeO2,0.7954005814540238,Low
CrSe2F,0.794993030953259,Low
Nb2CoS4,0.7948757699282031,Low
CrCuI3,0.7946676998524768,Low
NiPdCl3,0.794442298336861,Low
FeNiTe3,0.7941936353782424,Low
Ta2MnF4,0.7930338595595822,Low
CoPdF3,0.7919780902359589,Low
Hf2FeO4,0.7917794079976032,Low
FeCuBr3,0.7917506940618442,Low
CrSe2I,0.7900887474817383,Low
FeTeI2,0.7900369136620988,Low
Co2F3,0.7898353122906143,Low
TiCoS3,0.7897634389897852,Low
Hf2CoO4,0.7895922395059399,Low
CoRuI3,0.7894410508360683,Low
Ti(MnSe2)2,0.7893221144071383,Low
Ta2FeCl4,0.7890798785071567,Low
CoSBr2,0.7887542127564794,Low
FeS2O,0.7885253802661681,Low
Hf2VF4,0.7882401574897606,Low
CoCl2F,0.787974023990341,Low
ZrCrI3,0.7875792118589681,Low
Co(PtO2)2,0.7873641884204337,Low
V(RuS2)2,0.7867403834453521,Low
CrCuBr4,0.7866491430143513,Low
VTeBr2,0.7866042999716958,Low
ZrFeO3,0.786366228307871,Low
VS2Br,0.7862811665719414,Low
Hf2CrS4,0.7857738835331025,Low
HfMnS3,0.7857633227561911,Low
CrTe2O,0.7857591962697907,Low
CrPtI3,0.78471699209284,Low
Ni2F3,0.7840820087686485,Low
V2Cl3,0.7833687030648171,Low
CuRuO3,0.7833508712236338,Low
VTe2I,0.7831879397898583,Low
CuBrCl2,0.7826402443534858,Low
Mn(MoSe2)2,0.7825665310640421,Low
CrMoS3,0.7824484452937004,Low
NbCrTe3,0.7823244249145382,Low
Co2CuI4,0.7817217699872772,Low
CoClF2,0.7806692930655298,Low
Zr2MnO4,0.7798480268542185,Low
Fe(PdI2)2,0.7790250097928756,Low
Co(RuS2)2,0.7789762730557075,Low
Hf2VBr4,0.7787167622621737,Low
V(Te2Pd)2,0.7786095626893168,Low
Zr2MnI4,0.778030016012223,Low
TaCrSe3,0.7779103986804367,Low
V(RuBr2)2,0.7778328554778814,Low
TaCrI3,0.7775655364339165,Low
HfVTe3,0.777511113842185,Low
CoI2Br,0.7774304312760041,Low
TaCrS3,0.7770893457946468,Low
VRuI3,0.7763985262195131,Low
Fe(Te2Mo)2,0.7760977461791994,Low
Co(WI2)2,0.7752901772548081,Low
Mn(NbTe2)2,0.7740076413051366,Low
VCrF4,0.77324751893994,Low
NbVS3,0.7730837533750985,Low
NiWF3,0.7726746734742242,Low
VCoI4,0.7726452604400157,Low
Cr(Te2Ru)2,0.7724889249615938,Low
CrSe2O,0.7723962035246146,Low
Zr2CrS4,0.7715759364814974,Low
Mn(Te2Pt)2,0.7709721029154847,Low
TiFeTe3,0.7708663787732938,Low
CrTe2I,0.7707586170772696,Low
CoSCl2,0.770602116623292,Low
Ta2FeS4,0.77045125704929,Low
NbCrSe3,0.770214534023007,Low
Ta2VCl4,0.770152435701742,Low
NiI2Cl,0.7686562494420932,Low
VPtSe3,0.7679337662632486,Low
Cr(PtSe2)2,0.767790081273741,Low
Cr(PdBr2)2,0.7672505290083068,Low
NiMoCl3,0.7669793665478685,Low
FeSI2,0.7668576098807384,Low
VTe2Cl,0.7666026438886968,Low
CoWSe3,0.7664352260806923,Low
Ni(PtBr2)2,0.7660937152679107,Low
Cr(PdO2)2,0.7654348673461043,Low
TiCoO3,0.7645226520871901,Low
CoI2Cl,0.7644655181052666,Low
V2CuO4,0.7641162750873741,Low
FeRuI3,0.7640224018252184,Low
Fe(PtI2)2,0.7639001993776838,Low
FeTe3W,0.7632982818123437,Low
Fe(PtBr2)2,0.7631550681600554,Low
Fe(WS2)2,0.7630947683457988,Low
CoWCl3,0.7628352504116003,Low
V(RuI2)2,0.7614327104676671,Low
VMoO3,0.7612448772800432,Low
V2F3,0.7607519049121615,Low
NiIBr2,0.760567947883664,Low
CrCuSe3,0.760185736124756,Low
TiVCl3,0.759432350150437,Low
Co(WCl2)2,0.758193645659507,Low
Cr(Te2Pt)2,0.7577034592232879,Low
V2CuF4,0.7572776911342611,Low
Fe(RuBr2)2,0.7570864469139968,Low
CoMoSe3,0.7565736175170875,Low
Co(WBr2)2,0.7565382317810551,Low
VTe3Ru,0.7558402579496162,Low
VCuCl3,0.7552138278633771,Low
VRuBr3,0.7550109056693298,Low
VFeI4,0.7546569966336025,Low
CrPdI3,0.7540621201780233,Low
NiRuF3,0.7538901867100778,Low
CrCuS3,0.7537744485789619,Low
Fe(WCl2)2,0.7526709695573129,Low
Zr2CoO4,0.7521420639254469,Low
Fe(RuI2)2,0.7518939083911961,Low
NiPdF3,0.751871363053018,Low
TiNiCl3,0.7496672944574079,Low
VPdO3,0.7495557128821709,Low
Nb2CoBr4,0.7492116677836655,Low
CrCuCl4,0.7489952465939431,Low
CoWI3,0.7483907800038522,Low
VRuSe3,0.7476360065381263,Low
Co(RuBr2)2,0.7469699368747981,Low
VS2I,0.7467171625732133,Low
V2CuI4,0.7466754437919984,Low
V(Te2Ru)2,0.7466101930424077,Low
FeTe2I,0.7465862092940976,Low
CoCuS3,0.7463053657719747,Low
Co(WS2)2,0.7451050721892214,Low
V2Te3,0.7447912381077372,Low
HfCrI3,0.7446710432097029,Low
V(RuSe2)2,0.7446503202330798,Low
V(MoCl2)2,0.74354680827279,Low
TiNi2F4,0.7419547619613034,Low
Ti(VS2)2,0.7418606444699316,Low
Hf2NiO4,0.7415338389740213,Low
NiRuBr3,0.7410620603055482,Low
V(PdO2)2,0.7407669001908538,Low
Ta2VF4,0.7405784686230787,Low
NiPt2F4,0.7399550933653424,Low
Hf2MnO4,0.7398157564872971,Low
VTe3Pt,0.7390953599385416,Low
CoMoO3,0.7389557458609551,Low
Ta2CoF4,0.7389415103556888,Low
Hf2NiBr4,0.7386733362414225,Low
HfFeS3,0.7374409269936824,Low
Cu(NiBr2)2,0.7367123413143818,Low
MnRuS3,0.7350982913297195,Low
ZrVTe3,0.7348223480271461,Low
FeTeF2,0.7347062294344516,Low
NiBr2O,0.734664420598294,Low
NiPdO3,0.7342064474625293,Low
CrPtO3,0.7341618845727494,Low
Ti(NiI2)2,0.734149566779664,Low
TiNiI3,0.7338312961913221,Low
V(PtBr2)2,0.733510654792675,Low
Ta2VTe4,0.7329511060929635,Low
HfVI3,0.7325219026621148,Low
Zr2CoF4,0.7322370232248577,Low
Hf2VSe4,0.7319227634991323,Low
Ta2VSe4,0.7315146965363754,Low
V2CuSe4,0.7310486156487565,Low
CrMoO3,0.7304401410658051,Low
Mn(NbS2)2,0.7303631337697257,Low
Zr2CrSe4,0.7301883632707613,Low
FeSO2,0.7288200950372616,Low
FeTeS2,0.728332336259544,Low
VPdSe3,0.7277232273668389,Low
CrWBr3,0.7276580821256979,Low
HfCrS3,0.7272318249778427,Low
FeCuF3,0.7262446153785402,Low
Co(PdO2)2,0.725992703562262,Low
TiVI4,0.7259226067371072,Low
Co(PtI2)2,0.7255177472130361,Low
CoPtI3,0.7254358102712274,Low
Ta2CoCl4,0.7249446489404273,Low
NiPdBr3,0.724808188716322,Low
Ni(PtO2)2,0.7237586770450343,Low
Ta2VI4,0.7235868147606206,Low
HfCoBr3,0.7227496099467977,Low
Mn(Te2Ru)2,0.7225848356284259,Low
V(MoI2)2,0.7224066938016065,Low
Zr2VTe4,0.7222536740863714,Low
NiPtCl3,0.7218378414981409,Low
Co(PtBr2)2,0.7214815201418737,Low
Co(RuI2)2,0.72144409758337,Low
HfVO3,0.7209697106335279,Low
HfCoCl3,0.7209300828286739,Low
VSe2I,0.7206910149068,Low
Zr2CrTe4,0.7199158409503813,Low
HfFeCl3,0.719677132132324,Low
HfVS3,0.7195754135753853,Low
CoIF2,0.7178616284618572,Low
ZrCrS3,0.7177501672323784,Low
VWO3,0.7173636343334581,Low
CrTe3Ru,0.7173149783135514,Low
TiNiBr3,0.7171351535890756,Low
FeTe3Pd,0.7167812157304145,Low
ZrVCl3,0.7158098541920268,Low
TiVBr3,0.7157297724876995,Low
Hf2CrSe4,0.7153125048081894,Low
TiCrI4,0.7141858232037088,Low
VSe2Cl,0.7139865407314047,Low
TiNiO3,0.7137484289029552,Low
CoRuS3,0.7135751882177103,Low
V(PtO2)2,0.7131186568294512,Low
Mn(PdO2)2,0.7128895890944112,Low
VPdBr3,0.712280307802926,Low
CrCuI4,0.712269489596438,Low
Fe(PtS2)2,0.7103970464190078,Low
Ni2I3,0.7101110810240087,Low
VTeF2,0.7097750283957406,Low
Ni(PtCl2)2,0.708804759805202,Low
VNiF4,0.7083386440945454,Low
CuPdO3,0.7082245685921129,Low
V(MoBr2)2,0.7072596350015913,Low
NiMoI3,0.7071352403917404,Low
FeTe3Pt,0.7069519403650493,Low
FeSe2O,0.7064952244494758,Low
TiVS3,0.7060902640939405,Low
ZrFeCl3,0.7059572631400396,Low
VPt2F4,0.7057361768972894,Low
Hf2CoCl4,0.7043829146080814,Low
Co(PdI2)2,0.7043087918156118,Low
VWS3,0.7032742964937072,Low
NiWBr3,0.7031164621335457,Low
Co2NiSe4,0.7030829794767048,Low
NbVO3,0.7026743880645244,Low
Co2NiTe4,0.7025907094806854,Low
Ni(PdO2)2,0.7016796254657135,Low
Co2I3,0.7007194410698084,Low
Hf2NiF4,0.6989451434179723,Low
VPtF3,0.6987837856218165,Low
TaNiBr3,0.698368413611111,Low
TiBrCl2,0.6982290393946771,Low
CoWO3,0.6977824544461623,Low
NiBr2F,0.6977632257925741,Low
Ni(PdBr2)2,0.6974511704028729,Low
VSe2Br,0.6956121092750399,Low
ZrCoF3,0.6948090272329206,Low
V(Te2Pt)2,0.6943596148813057,Low
CoWS3,0.6941959312826721,Low
Cr(RuSe2)2,0.6941696461024373,Low
CoPdBr3,0.6929436640426642,Low
ZrFeBr3,0.6925586663942983,Low
NiRu2F4,0.6924620211946693,Low
CrPtS3,0.6921729775405728,Low
Ti(CoSe2)2,0.6915969163437302,Low
NiI2Br,0.6912676727138022,Low
Ta2MnS4,0.6904379167892529,Low
TiCuO3,0.6900246408484744,Low
Ta2VS4,0.688149247156878,Low
Cu(NiCl2)2,0.6873089556810932,Low
V(PtI2)2,0.6863394957618577,Low
Zr2VI4,0.6859087896841408,Low
V(PdS2)2,0.6857397763670019,Low
HfFeI3,0.6851692446885495,Low
VSeF2,0.6850558551222785,Low
CoCuSe3,0.685010570152901,Low
Ta2CrO4,0.68498674784671,Low
HfVBr3,0.6844967793964162,Low
Zr2NiF4,0.6839643548256961,Low
HfFeBr3,0.6833121742809345,Low
VPtBr3,0.6828026994976214,Low
TiNiF3,0.6824243686680863,Low
Ta2CrF4,0.6816529711603339,Low
V(PdSe2)2,0.6814298743335421,Low
CoBr2O,0.6810207611917748,Low
TaNiCl3,0.6806509785420789,Low
TaNiF3,0.680345354529366,Low
ZrMnO3,0.6792722849527638,Low
Hf2CoF4,0.6788232310664796,Low
CrPdS3,0.6787054572931055,Low
Ti(MoI2)2,0.6782229302749275,Low
Fe(PdBr2)2,0.6778505299568636,Low
Cr(WF2)2,0.6778438530407923,Low
Ni(WI2)2,0.6775316061139774,Low
Fe(Te2W)2,0.6769897573251175,Low
V(PtSe2)2,0.6768719367219853,Low
TiCoTe3,0.6765105960365575,Low
Ni(RuCl2)2,0.67633440020766,Low
HfVF3,0.6760562449920882,Low
ZrFeF3,0.6759988260475498,Low
TaNiI3,0.6756845352852466,Low
VTe2F,0.6747134015071663,Low
Ti(NiO2)2,0.6747121317011767,Low
HfCoO3,0.6740121297921678,Low
VCuTe3,0.6739313733354821,Low
VS2O,0.6731688124873662,Low
Fe(PdS2)2,0.673023306219857,Low
NiMoF3,0.6718472751196286,Low
ZrMnI3,0.6715609787412814,Low
Zr2VF4,0.6711913554216647,Low
HfCrSe3,0.6691773773339873,Low
Hf2CoI4,0.6684170733279321,Low
CoI2F,0.6682588208749917,Low
ZrFeS3,0.6677658426552727,Low
CoCl2O,0.666840444149854,Low
TiRuO3,0.6668201662424653,Low
HfCrTe3,0.6664222676565096,Low
CrPtSe3,0.6662712807336468,Low
HfVSe3,0.665700835748853,Low
Ta2CrCl4,0.6643458689646298,Low
NiPtBr3,0.6635769385213741,Low
VSO2,0.6621946212102529,Low
Ti(CoS2)2,0.662078770643709,Low
NiBrO2,0.6613258584267667,Low
TiCrBr4,0.6610707598411978,Low
TaCrTe3,0.6607337810553009,Low
Ta2VBr4,0.6603838610836333,Low
Mn(WSe2)2,0.6599749772692733,Low
VPtI3,0.6592298159034335,Low
CrTeS2,0.6591908527674271,Low
VTe2O,0.6585467206309755,Low
Ni(RuBr2)2,0.6583615770960088,Low
FeSeO2,0.6575535127497034,Low
Ta2FeBr4,0.6574289210414155,Low
Zr2NiO4,0.6571265992794926,Low
Mn(PdS2)2,0.6568404635290804,Low
CoPdI3,0.6565551461411372,Low
TiRuF3,0.6558499151348393,Low
V(PdBr2)2,0.6554441647324283,Low
Zr2VO4,0.6554185852077875,Low
Ta2CoI4,0.6550189676249059,Low
Zr2NiCl4,0.6548111708292279,Low
VRuS3,0.6542177426285752,Low
ZrVF3,0.6533645256460161,Low
Ta2FeTe4,0.6532924692146674,Low
CuNiF3,0.6530960341912478,Low
NiCl2O,0.6524813610218788,Low
CoPdO3,0.6522647614240907,Low
ZrCrSe3,0.6516795641422306,Low
ZrFeI3,0.6516701128564452,Low
Zr2NiBr4,0.651154348106678,Low
CrSe2S,0.6492053446691272,Low
ZrCrTe3,0.648021533258938,Low
HfNiBr3,0.6465976007507003,Low
Hf2CoS4,0.6465058971935008,Low
VPdS3,0.6464541679337464,Low
Co(PtS2)2,0.6462283810067755,Low
FeCuS3,0.6456487771966115,Low
CrMoSe3,0.6455609758596129,Low
CrRuSe3,0.6453287948480672,Low
VTeO2,0.6430881765949384,Low
Hf2FeS4,0.642681235723562,Low
CrTe2S,0.642621010118727,Low
CrSeS2,0.6420718561153682,Low
V(MoSe2)2,0.6416892284426435,Low
FeTe2O,0.64058608895203,Low
CoPtS3,0.6388972991728646,Low
FeSeF2,0.6383228789260835,Low
Zr2CoI4,0.638053370987666,Low
HfCoF3,0.6365484726267268,Low
ZrCoCl3,0.6364519068820353,Low
TaCuO3,0.6358519945516414,Low
VTeS2,0.6349601007503866,Low
VCuCl4,0.6340381020476259,Low
VTe2S,0.6338788486609135,Low
FeTeSe2,0.6338663021616148,Low
Ni(WCl2)2,0.6327663810634456,Low
ZrVSe3,0.6321372817093829,Low
ZrCoBr3,0.632124389254377,Low
Mn(PtSe2)2,0.6317711793456713,Low
Cr(MoO2)2,0.631486380713893,Low
CuMoBr3,0.6309639061614153,Low
Cr(PdS2)2,0.6309398506304047,Low
Cr(MoS2)2,0.6307650627227762,Low
Cr(Te2Pd)2,0.6297470752068324,Low
HfCoS3,0.6286498883454251,Low
NbNiBr3,0.628523621289569,Low
VCoF4,0.6285184268448819,Low
CrTe3Mo,0.6274015156593292,Low
Ta2CoS4,0.6267929797244856,Low
Cr(Te2Mo)2,0.6264579158041337,Low
Hf2FeI4,0.6247888686909294,Low
CoPtO3,0.624673475559708,Low
Zr2MnF4,0.6236872582127675,Low
Co2O3,0.6236148071790764,Low
HfNiCl3,0.6235890736079649,Low
Hf2NiI4,0.6228548339056499,Low
Ni2O3,0.622783445783649,Low
Hf2MnF4,0.6226451732649368,Low
Nb2NiF4,0.6224116569817705,Low
CuNi2F4,0.6216963676833983,Low
Co(MoSe2)2,0.6214197035121753,Low
HfNiO3,0.6211567933642876,Low
TiWF3,0.6209228927174313,Low
Ta2CrI4,0.6206327105464703,Low
NiICl2,0.6205205457682804,Low
HfCoI3,0.6199488529893951,Low
NiRuI3,0.6194888417347784,Low
Nb2FeSe4,0.6184436957116577,Low
CoS2Br,0.6181111332207202,Low
FeTeO2,0.6169631614762247,Low
MnRuSe3,0.6161579729034705,Low
NiPdI3,0.6154647215661525,Low
CoOF2,0.6150337456882472,Low
CuWF3,0.6136513791825584,Low
FeRuSe3,0.613367918220935,Low
TiPdF3,0.6125454964844895,Low
Hf2NiCl4,0.6120484204438713,Low
TiCrCl4,0.6118278775843075,Low
CuO3,0.6114974154490098,Low
HfFeF3,0.6103385971263867,Low
NiMoO3,0.6097105830934548,Low
TiVO3,0.6093164830381291,Low
CoPtSe3,0.6075465489055365,Low
NiCl2F,0.6071230623048094,Low
NbCuO3,0.6062600065619292,Low
CuPdF3,0.6052154577553505,Low
V2CuS4,0.6039454205511513,Low
VTe2Se,0.6025490377650522,Low
Ni(PdI2)2,0.6021893190427221,Low
Zr2VSe4,0.6012315818262365,Low
Ta2CoBr4,0.6012047650182337,Low
VSeO2,0.6007702066781567,Low
ZrNiO3,0.5998891965638388,Low
CrWI3,0.5988854703798806,Low
NiBrF2,0.5982879998302602,Low
Cr(WCl2)2,0.5977535254587748,Low
Fe(MoSe2)2,0.5973715921615611,Low
ZrFeSe3,0.5968004851765822,Low
Ni(MoS2)2,0.5950170808354699,Low
VCuBr3,0.5948997986773369,Low
TiMoBr3,0.5948110158403284,Low
Nb2NiO4,0.5945519717353822,Low
CrTe3Pd,0.5940944806702103,Low
Fe(Te2Ru)2,0.5928787180151704,Low
V(PtS2)2,0.592182426594183,Low
NiClF2,0.591878017430744,Low
TiRuCl3,0.5914199990555089,Low
ZrVI3,0.5907248824861275,Low
Cr(PdSe2)2,0.5889226130363453,Low
ZrNiF3,0.5881902805932917,Low
NiWO3,0.5873443946888998,Low
CuBr2Cl,0.5871689158853935,Low
VSe2O,0.585550803901235,Low
CoTe3Mo,0.5848465464954447,Low
Hf2CoBr4,0.5809916976860782,Low
Hf2FeF4,0.5806975605313093,Low
Zr2VS4,0.5793177887080191,Low
FeTe2Se,0.5792313716632679,Low
ZrNiBr3,0.5782476685621571,Low
FeTe3Ru,0.5781889182240355,Low
Hf2MnS4,0.5770527342840045,Low
NiPtF3,0.5768634236220249,Low
VMo2F4,0.574277661399111,Low
Zr2VBr4,0.5741598228902255,Low
NbCuBr3,0.5738042522924615,Low
NiI2O,0.5733779127886437,Low
FeCuSe3,0.5731865677752507,Low
VSe2F,0.5727098118701023,Low
VCuO3,0.5718313845539191,Low
CuRuCl3,0.5716093700482978,Low
NiPtO3,0.5706590002696502,Low
VCuF3,0.5698266153535061,Low
NbNiCl3,0.5687831826611128,Low
V2O3,0.5687645153889764,Low
Ti(MoCl2)2,0.5683759368742229,Low
Ti(CoTe2)2,0.5677589780909379,Low
Ni(PtI2)2,0.5666145440173916,Low
VPtO3,0.566103938593995,Low
CuRuF3,0.5658194297622199,Low
Zr2CoBr4,0.5646161643032953,Low
TiCuF3,0.5644601309527403,Low
CrPdSe3,0.5634032659426665,Low
NiSCl2,0.5630518735749388,Low
CuMoO3,0.562501730522119,Low
CoTeBr2,0.5622889178522396,Low
VCuSe3,0.5622386870429382,Low
Hf2FeCl4,0.5617781621629618,Low
FeSe2S,0.561657481203052,Low
CrCuF4,0.561009940137296,Low
Co(WSe2)2,0.5608002557041186,Low
V(Te2Mo)2,0.560699868822511,Low
Ti(RuO2)2,0.5583838519457182,Low
NiWI3,0.5577883933919087,Low
NiPtI3,0.5571022587269386,Low
Nb2CoSe4,0.5570635244049704,Low
HfCuO3,0.5569694015946419,Low
TiCuCl3,0.556197351366875,Low
Zr2CoS4,0.5561035368532598,Low
TiI2Cl,0.5557909518975819,Low
CoSeCl2,0.5546635893016526,Low
CrWSe3,0.5540054282002526,Low
ZrNiCl3,0.5533249127400909,Low
Ti2I3,0.5528990358708529,Low
VCuI3,0.5523496203511968,Low
CoSF2,0.5523455128012875,Low
Cr(MoSe2)2,0.5520910205418693,Low
Mn(Te2Pd)2,0.5518908888948206,Low
Fe(Te2Pt)2,0.5511499148526664,Low
CoCuTe3,0.5505064488654148,Low
Nb2CoTe4,0.549921601486087,Low
FeCuTe3,0.5495748058443866,Low
Cu(NiI2)2,0.5494502964094049,Low
NiWCl3,0.5481505921798634,Low
VFeF4,0.5475337453764656,Low
VSeS2,0.5467588347378541,Low
Fe(WSe2)2,0.5466253938484851,Low
ZrCoI3,0.5465245707194883,Low
Co(PdS2)2,0.544517499861914,Low
TiI2Br,0.5440552172119134,Low
FeTe2S,0.5431294088093297,Low
Hf2MnTe4,0.5430768553756483,Low
Ti2Cl3,0.5429000887052038,Low
TiVCl4,0.5405744109256104,Low
CuMoCl3,0.5394121698664686,Low
Cu(MoI2)2,0.5390064976379895,Low
CoSe2Br,0.5384670906409534,Low
Co(Te2Mo)2,0.5381950247258611,Low
Cr(WBr2)2,0.5354376143941719,Low
TiMoF3,0.5343852267399097,Low
NiI2F,0.5328916596708839,Low
CuPtO3,0.5318817000754011,Low
NbNiF3,0.5318549494726423,Low
Mn(NbSe2)2,0.5312518876418931,Low
Ta2CrSe4,0.5311485910834046,Low
TiNiSe3,0.5292174385866352,Low
CuICl2,0.5291033446037655,Low
CoI2O,0.5270442825626365,Low
ZrVO3,0.5268688841071301,Low
ZrCoO3,0.5264861532868763,Low
HfFeSe3,0.5250280264179382,Low
ZrMnF3,0.5243885693580632,Low
ZrCuO3,0.523985626432687,Low
NiIO2,0.5238143107268913,Low
CoBrO2,0.5236174023770727,Low
CuIBr2,0.5234931351048696,Low
VSe2S,0.5215915976789042,Low
CoSI2,0.5215403629234484,Low
Ta2CrBr4,0.521365067799769,Low
NiSeBr2,0.5209891135697021,Low
TaTiF3,0.5209733871520322,Low
ZrNiI3,0.5204169874006014,Low
Zr2NiI4,0.5203145854798803,Low
Co(PdBr2)2,0.5200451359554163,Low
CrTe2Se,0.5191973927005399,Low
CuMoF3,0.519161757259714,Low
Co2CuSe4,0.5189950392791637,Low
Ti(MoBr2)2,0.5186951067836012,Low
Cu(MoBr2)2,0.5175705063371017,Low
Fe(Te2Pd)2,0.5173829197407597,Low
CrTe3Pt,0.5155000321864728,Low
CrWO3,0.5142679408502504,Low
CrTeSe2,0.5133374047532734,Low
TaCuF3,0.5132874673845023,Low
TiVBr4,0.5129082838889728,Low
TiPdCl3,0.5127873289877692,Low
Ta2FeSe4,0.5127523725105773,Low
NbNiI3,0.512686780676976,Low
CoCuO4,0.5121776373860989,Low
NbCuF3,0.5119191937550195,Low
NbNiO3,0.5118928922138986,Low
CoRuSe3,0.5114398509291609,Low
HfNiI3,0.5111065633501837,Low
CuWO3,0.5093243840064834,Low
Cu(MoCl2)2,0.5090148644907304,Low
TiMoCl3,0.5088512851878408,Low
CrWS3,0.5084568450494333,Low
CoPdS3,0.5066781441520146,Low
HfNiF3,0.5038764186919859,Low
VPtS3,0.5026169464303714,Low
TaNiO3,0.501936356957894,Low
TiCuI3,0.5014297066992001,Low
Cr(WI2)2,0.5004366700726761,Low
Hf2FeBr4,0.5001452043007578,Low
