feature,importance
elem_Mn,0.4913105195951833
elem_Cr,0.0690512926196374
elem_Br,0.042276876305489916
elem_Co,0.03931768019988282
elem_Fe,0.03406343171075016
elem_Cl,0.030103222149598242
elem_Hf,0.028920997062033965
elem_Zr,0.022624788294715807
elem_V,0.01844962124257273
elem_Ca,0.018205529689492225
elem_Zn,0.017773932462970016
elem_Se,0.015859654616882494
elem_Sr,0.015299113587398577
elem_S,0.013778795335255513
elem_Ga,0.0134713034100094
elem_Ni,0.013335114640467133
elem_I,0.012966922109194576
elem_Ru,0.01067145923415815
elem_Al,0.008910346875848022
elem_Ba,0.008039937431010365
elem_In,0.0069432596677332535
elem_Te,0.005786043041317408
elem_H,0.005663662122840947
elem_Ti,0.0054161950272193825
elem_F,0.004963987614438878
elem_N,0.004199346268152144
elem_Nb,0.004145860728379392
elem_Cd,0.003758898088921326
elem_Sc,0.0037317672285354696
elem_Os,0.003553712477615286
elem_Rh,0.0034454156827138623
elem_Pd,0.0033036348385983624
elem_O,0.002511986717201121
elem_Mo,0.002313455312854065
elem_Sb,0.002026953068387109
natoms,0.0017622067154615519
elem_W,0.001512129589292068
elem_Cu,0.0014777988397145121
elem_Y,0.0014533832594182067
elem_Ag,0.0011528970239978356
elem_As,0.0011415981770275339
elem_Pb,0.0009549066682505908
elem_Pt,0.000928155426574857
elem_Si,0.0009156022963499425
elem_Ge,0.0008372158242613976
elem_Bi,0.0006232557691557598
elem_Ir,0.00043307511669619724
elem_Au,0.00032061671372558007
elem_Sn,0.00018377705186248809
elem_Hg,0.00010637240214144638
elem_Tl,2.2018759925836775e-06
elem_Ta,9.079261844734317e-08
